Artist,Album,Year,Genre,Notes
Alabama Shakes,Boys and Girls,2012,Rock/Soul,
Alabama Shakes,Sound & Color,2015,Rock/Soul,
Alice Coltrane,Journey in Satchidananda,1971,Jazz,
Alvvays,Blue Rev,2022,Indie Pop,
Amy Winehouse,Back to Black,2006,Soul/R&B,
Andrew Bird,My Finest Work Yet,2019,Folk/Indie,
Antonín Dvořák,New World Symphony,1893,Classical,
Arcade Fire,Funeral,2004,Indie Rock,
Arcade Fire,The Suburbs,2010,Indie Rock,
Beach House,Depression Cherry,2015,Dream Pop,
Beastie Boys,Licensed to Ill,1986,Hip-Hop,
The Beatles,The Beatles (Esher Demos),1968,Rock,Demos box set
The Beatles,Yellow Submarine,1969,Rock,Soundtrack
Beck,Morning Phase,2014,Folk Rock,
Beck,Odelay,1996,Alternative,
Bill Callahan,Resuscitate!,2024,Folk,
Bill Callahan,Shepherd in a Sheepskin Vest,2019,Folk,
Björk,Homogenic,1997,Electronic,
Brittany Howard,Jaime,2019,R&B/Rock,
Brittany Howard,What Now,2024,R&B/Rock,
Broken Bells,Broken Bells,2010,Indie Rock,Self-titled
Caribou,Our Love,2014,Electronic,
Charles Mingus,Blues & Roots,1960,Jazz,
Chicago,Chicago Transit Authority,1969,Rock,
Cocteau Twins,Heaven or Las Vegas,1990,Dream Pop,
Coldplay,Parachute,2000,Alternative,
Courtney Barnett,The Double EP: A Sea of Split Peas,2013,Indie Rock,
The Cure,Disintegration,1989,Post-Punk,
The Cure,Kiss Me Kiss Me Kiss Me,1987,Post-Punk,
The Cure,Pornography,1982,Post-Punk,
The Cure,Songs of a Lost World,2024,Post-Punk,
The Cure,The Head on the Door,1985,Post-Punk,
The Cure,Three Imaginary Boys,1979,Post-Punk,
Curtis Mayfield,Curtis,1970,Soul/Funk,
Cut Copy,Freeze Melt,2020,Electronic,
Cut Copy,Haiku from Zero,2017,Electronic,
D'Angelo,Black Messiah,2014,R&B/Neo-Soul,
Dave Brubeck,Dave Brubeck's Greatest Hits,1966,Jazz,Compilation
David Bowie,ChangesOneBowie,1976,Glam Rock,Compilation
David Bowie,Hunky Dory,1971,Glam Rock,
David Bowie,Scary Monsters (and Super Creeps),1980,Glam Rock,
David Bowie,The Rise and Fall of Ziggy Stardust and the Spiders from Mars,1972,Glam Rock,
Deerhunter,Halcyon Digest,2010,Indie Rock,
Depeche Mode,Songs of Faith and Devotion,1993,Electronic,
Descendents,Everything Sucks,1996,Punk,
Destroyer,Dan's Boogie,2023,Indie Pop,
Destroyer,Have We Met,2020,Indie Pop,
Destroyer,Kaputt,2011,Indie Pop,
Destroyer,Ken,2017,Indie Pop,
Destroyer,Labyrinthitis,2022,Indie Pop,
Devo,Freedom of Choice,1980,New Wave,
DIIV,Is the Is Are,2016,Indie Rock,
Dry Cleaning,New Long Leg,2021,Post-Punk,
Duke Ellington & John Coltrane,Duke Ellington & John Coltrane,1962,Jazz,
Elton John,Diamonds,2017,Pop,Compilation
Elton John,Goodbye Yellow Brick Road,1973,Pop,
Erykah Badu,Baduizm,1997,Neo-Soul,
Father John Misty,I Love You Honeybear,2015,Folk Rock,
Fiona Apple,Fetch the Bolt Cutters,2020,Alternative,
Fiona Apple,Tidal,1996,Alternative,
Florence and the Machine,Lungs,2009,Indie Rock,
Frank Ocean,Channel Orange,2012,R&B,
Freddie Hubbard,First Light,1972,Jazz,
Freddie Hubbard,Keep Your Soul Together,1973,Jazz,
George Clanton,100% Electronica,2016,Electronic,
George Clanton,Slide,2018,Electronic,
Grateful Dead,Skeletons from the Closet: The Best of Grateful Dead,1974,Rock,Compilation
Grateful Dead,The Best of the Grateful Dead Vol. 2: 1977–1989,2011,Rock,Compilation
Green Day,Dookie,1994,Punk,
Hall & Oates,Rock 'n Soul Part 1,1983,Pop/Soul,Compilation
Helado Negro,Far In,2021,Indie Pop,
Helado Negro,Orquídeas,2024,Indie Pop,
Helado Negro,Phasor,2023,Indie Pop,
Helado Negro,This Is How You Smile,2019,Indie Pop,
Hot Chip,Freakout/Release,2022,Electronic,
Hot Chip,Joy in Repetition,2019,Electronic,
Hot Chip,Why Make Sense?,2015,Electronic,
Iggy Pop,Lust for Life,1977,Punk/Rock,
The Internet,Ego Death,2015,R&B,
The Internet,Hive Mind,2018,R&B,
James Brown,20 All-Time Greatest Hits,1991,Funk/Soul,Compilation
Japanese Breakfast,Jubilee,2021,Indie Rock,
The Jimi Hendrix Experience,Axis: Bold as Love,1967,Rock,
John Coltrane,Blue Train,1958,Jazz,
John Coltrane,Giant Steps,1960,Jazz,
Kali Uchis,Orquídeas,2024,R&B/Pop,
Kamasi Washington,Heaven and Earth,2018,Jazz,
Kendrick Lamar,good kid m.A.A.d city,2012,Hip-Hop,
Kurt Vile,b'lieve i'm goin down...,2015,Indie Rock,
Kurt Vile,Smoke Ring for My Halo,2011,Indie Rock,
Kurt Vile,Wakin on a Pretty Daze,2013,Indie Rock,
Lana Del Rey,Norman Fucking Rockwell!,2019,Indie Pop,
LCD Soundsystem,Sound of Silver,2007,Dance Punk,
Lou Reed,Transformer,1972,Glam Rock,
M83,Hurry Up We're Dreaming,2011,Electronic,
Marvin Gaye,What's Going On,1971,Soul/R&B,
Meshell Ndegeocello,Bitter,1999,Neo-Soul,
Meshell Ndegeocello,The Omnichord Real Book,2023,Neo-Soul,
Metallica,Master of Puppets,1986,Heavy Metal,
Metallica,S&M,1999,Heavy Metal,Live with SF Symphony
The Meters,Struttin',1970,Funk,
MGMT,Oracular Spectacular,2007,Indie Pop,
Michael Jackson,Off the Wall,1979,Pop/R&B,
Miles Davis,Bitches Brew,1970,Jazz,
Miles Davis,Kind of Blue,1959,Jazz,
Mingus,The Black Saint and the Sinner Lady,1963,Jazz,
The National,High Violet,2010,Indie Rock,
Neon Indian,Vega Intl. Night School,2015,Chillwave,
The New Pornographers,Electric Version,2003,Indie Rock,
Nilüfer Yanya,Painless,2022,Indie Rock,
Nina Simone,Fodder on My Wings,1982,Jazz/Soul,
Nina Simone,I Put a Spell on You,1965,Jazz/Soul,
Nirvana,Bleach,1989,Grunge,
No Doubt,Tragic Kingdom,1995,Ska/Rock,
ODESZA,In Return,2014,Electronic,
Of Montreal,Hissing Fauna Are You the Destroyer?,2007,Indie Pop,
Of Montreal,Satanic Panic in the Attic,2004,Indie Pop,
Of Montreal,The Sunlandic Twins,2005,Indie Pop,
Outkast,Aquemini,1998,Hip-Hop,
Parliament,Mothership Connection,1975,Funk,
Paul Simon,Graceland,1986,Pop,
Pavement,Crooked Rain Crooked Rain,1994,Indie Rock,
Pearl Jam,Live in Chicago March 28 1992,1992,Grunge,Live album
Pearl Jam,Ten,1991,Grunge,
Phoenix,Wolfgang Amadeus Phoenix,2009,Indie Pop,
Pink Floyd,The Wall,1979,Progressive Rock,
Prince,1999,1982,Pop/Funk,
Prince,Purple Rain,1984,Pop/Funk,Soundtrack
Prince,Sign 'O' the Times,1987,Pop/Funk,
Prince,The Hits 1,1993,Pop/Funk,Compilation
R.E.M.,Automatic for the People,1992,Alternative,
Radiohead,A Moon Shaped Pool,2016,Alternative,
Radiohead,In Rainbows,2007,Alternative,
Radiohead,Kid A Mnesia,2021,Alternative,Reissue/Compilation
Radiohead,OK Computer,1997,Alternative,
Real Estate,Atlas,2014,Indie Rock,
Real Estate,In Mind,2017,Indie Rock,
Red Hot Chili Peppers,Californication,1999,Rock,
Rolling Blackouts Coastal Fever,Endless Rooms,2022,Indie Rock,
Rush,Moving Pictures,1981,Progressive Rock,
Sade,Lovers Rock,2000,Neo-Soul,
Sam Cooke,Portrait of a Legend 1951–1964,2003,Soul,Compilation
The Shins,Oh Inverted World,2001,Indie Pop,
The Shins,Wincing the Night Away,2007,Indie Pop,
The Smile,Wall of Eyes,2024,Rock,Thom Yorke side project
The Smiths,Hatful of Hollow,1984,Post-Punk,
Snail Mail,Lush,2018,Indie Rock,
Snail Mail,Valentine,2021,Indie Rock,
St. Vincent,St. Vincent,2014,Indie Rock,Self-titled
Stan Getz & João Gilberto,Getz/Gilberto,1964,Bossa Nova,feat. Antonio Carlos Jobim
Steely Dan,Aja,1977,Jazz Rock,
Stereolab,Dots and Loops,1997,Indie Rock,Expanded edition
Stereolab,Emperor Tomato Ketchup,1996,Indie Rock,Expanded edition
Steve Miller Band,Fly Like an Eagle,1976,Rock,
Stevie Wonder,Innervisions,1973,Soul/R&B,
Stone Temple Pilots,Purple,1994,Grunge,
Sun Ra and His Arkestra,Jazz in Silhouette,1959,Jazz,
Talking Heads,Remain in Light,1980,New Wave,
Talking Heads,Speaking in Tongues,1983,New Wave,
Talking Heads,True Stories,1986,New Wave,Soundtrack
Tame Impala,Currents,2015,Psychedelic Rock,
Tame Impala,Innerspeaker,2010,Psychedelic Rock,
Tame Impala,Lonerism,2012,Psychedelic Rock,
Tame Impala,The Slow Rush,2020,Psychedelic Rock,
Tears for Fears,Rule the World: The Greatest Hits,2017,Pop,Compilation
Television,Marquee Moon,1977,Post-Punk,
Tennis,Young & Old,2012,Indie Pop,
Thelonious Monk with John Coltrane,Thelonious Monk with John Coltrane,1957,Jazz,
Thievery Corporation,It Takes a Thief,2005,Electronic,
Thundercat,It Is What It Is,2020,R&B/Jazz,
Tokyo Police Club,Forcefield,2014,Indie Rock,
Tom Petty,Wildflowers & All the Rest,2020,Rock,Expanded reissue
Tom Petty & The Heartbreakers,Greatest Hits,1993,Rock,Compilation
Tool,Lateralus,2001,Progressive Metal,
A Tribe Called Quest,Midnight Marauders,1993,Hip-Hop,
TV on the Radio,Dear Science,2008,Indie Rock,
TV on the Radio,Return to Cookie Mountain,2006,Indie Rock,
TV on the Radio,Young Liars,2003,Indie Rock,EP
Two Door Cinema Club,Gameshow,2016,Indie Pop,
Tycho,Awake,2014,Electronic/Ambient,
Tó Trips,Surdina (Original Soundtrack),2020,Fado/Jazz,Portuguese. Dir. Rodrigo Areias. Revolve RVLV35
U2,The Joshua Tree,1987,Rock,
Unknown Mortal Orchestra,II,2013,Psychedelic Pop,
Unknown Mortal Orchestra,Multi-Love,2015,Psychedelic Pop,
The Velvet Underground,Loaded,1970,Rock,
The Velvet Underground,The Velvet Underground,1969,Rock,
The Velvet Underground,White Light/White Heat,1968,Rock,
The Velvet Underground & Nico,The Velvet Underground & Nico,1967,Rock,
The War on Drugs,A Deeper Understanding,2017,Indie Rock,
The War on Drugs,I Don't Live Here Anymore,2021,Indie Rock,
The War on Drugs,Lost in the Dream,2014,Indie Rock,
The White Stripes,My Sister Thanks You and I Thank You,2003,Indie Rock,
Wu-Tang Clan,Enter the Wu-Tang (36 Chambers),1993,Hip-Hop,
The xx,xx,2009,Indie Pop,Self-titled
Yaeji,What We Drew,2020,Electronic,
Yo La Tengo,And Then Nothing Turned Itself Inside-Out,2000,Indie Rock,
Yo La Tengo,Fakebook,1990,Indie Rock,
Yo La Tengo,I Can Hear the Heart Beating as One,1997,Indie Rock,
Yo La Tengo,This Stupid World,2023,Indie Rock,
Yo-Yo Ma,Plays Ennio Morricone,2004,Classical,
Zero 7,When It Falls,2004,Electronic/Downtempo,
